Workbook

Sheet Лист1
B2: mistralai/Mistral-7B-Instruct-v0.2 – 6400 токенов
C4: Цена | D4: Цена
B5: Расчет | C5: min | D5: max
B6: Количество токенов | C6: 6400 | D6: 37000
B7: Знаков | C7: 10592 | D7: 66546
B8: Знаков в токене | C8: =C7/C6 -> 1.655 | D8: =D7/D6 -> 1.7985405
B9: Страниц | C9: 7 | D9: 34
B11: gpt-4o-mini | C11: ='Цена GPT'!$K$20 -> 0.00024 | D11: ='Цена GPT'!$K$20 -> 0.00024
B12: затраты в рублях | C12: =$C$6*C11 -> 1.536 | D12: =$D$6*D11 -> 8.88
B13: gpt-5,2-pro | C13: ='Цена GPT'!$K$4 -> 0.01344 | D13: ='Цена GPT'!$K$4 -> 0.01344
B14: затраты в рублях | C14: =C6*C13 -> 86.016 | D14: =D6*D13 -> 497.28
B15: Qwen 2.5-72B-Instruct | C15: ='Цена GPT'!$K$26 -> 3.12e-05 | D15: ='Цена GPT'!$K$26 -> 3.12e-05
B16: затраты в рублях | C16: =$C$6*C15 -> 0.19968 | D16: =$D$6*D15 -> 1.1544
B17: DeepSeek-V3.2 | C17: ='Цена GPT'!$K$27 -> 3.36e-05 | D17: ='Цена GPT'!$K$27 -> 3.36e-05
B18: затраты в рублях | C18: =$C$6*C17 -> 0.21504 | D18: =$D$6*D17 -> 1.2432
B20: Аренда сервера | C20: $/час | D20: Руб/час
B21: RTX A6000 | C21: 0.33 | D21: =C21*'Цена GPT'!$F$4 -> 26.4
B23: т.е. сколько запросов я могу сделать | D23: =D21/D18 -> 21.235521 | E23: раза

Sheet Цена GPT
B1: Курс
C2: вход | D2: Кэшированный ввод | E2: Выход | H2: в руб. | I2: в руб. | J2: в руб.
B3: Model | C3: Input | D3: Cached input | E3: Output | F3: курс | G3: токенов | H3: вход | I3: Кэшированный ввод | J3: Выход | K3: цена за выход 1 токена
B4: gpt-5,2-pro | C4: 21 | D4: 0 | E4: 168 | F4: 80 | G4: 1000000 | H4: =Таблица1[[#This Row],[Input]]*Таблица1[[#This Row],[курс]] -> 1680 | I4: =Таблица1[[#This Row],[Cached input]]*Таблица1[[#This Row],[курс]] -> 0 | J4: =Таблица1[[#This Row],[Output]]*Таблица1[[#This Row],[курс]] -> 13440 | K4: =Таблица1[[#This Row],[Выход]]/Таблица1[[#This Row],[токенов]] -> 0.01344
B5: gpt-5-pro | C5: 15 | D5: 0 | E5: 120 | F5: 80 | G5: 1000000 | H5: =Таблица1[[#This Row],[Input]]*Таблица1[[#This Row],[курс]] -> 1200 | I5: =Таблица1[[#This Row],[Cached input]]*Таблица1[[#This Row],[курс]] -> 0 | J5: =Таблица1[[#This Row],[Output]]*Таблица1[[#This Row],[курс]] -> 9600 | K5: =Таблица1[[#This Row],[Выход]]/Таблица1[[#This Row],[токенов]] -> 0.0096
B6: gpt-4o-2024-05-13 | C6: 5 | D6: 0 | E6: 15 | F6: 80 | G6: 1000000 | H6: =Таблица1[[#This Row],[Input]]*Таблица1[[#This Row],[курс]] -> 400 | I6: =Таблица1[[#This Row],[Cached input]]*Таблица1[[#This Row],[курс]] -> 0 | J6: =Таблица1[[#This Row],[Output]]*Таблица1[[#This Row],[курс]] -> 1200 | K6: =Таблица1[[#This Row],[Выход]]/Таблица1[[#This Row],[токенов]] -> 0.0012
B7: Claude 4 Sonnet | C7: 3 | D7: 4.05 | E7: 15 | F7: 80 | G7: 1000000 | H7: =Таблица1[[#This Row],[Input]]*Таблица1[[#This Row],[курс]] -> 240 | I7: =Таблица1[[#This Row],[Cached input]]*Таблица1[[#This Row],[курс]] -> 324 | J7: =Таблица1[[#This Row],[Output]]*Таблица1[[#This Row],[курс]] -> 1200 | K7: =Таблица1[[#This Row],[Выход]]/Таблица1[[#This Row],[токенов]] -> 0.0012
B8: gpt-5,2 | C8: 1.75 | D8: 0.175 | E8: 14 | F8: 80 | G8: 1000000 | H8: =Таблица1[[#This Row],[Input]]*Таблица1[[#This Row],[курс]] -> 140 | I8: =Таблица1[[#This Row],[Cached input]]*Таблица1[[#This Row],[курс]] -> 14 | J8: =Таблица1[[#This Row],[Output]]*Таблица1[[#This Row],[курс]] -> 1120 | K8: =Таблица1[[#This Row],[Выход]]/Таблица1[[#This Row],[токенов]] -> 0.00112
B9: gpt-5,2-chat-latest | C9: 1.75 | D9: 0.175 | E9: 14 | F9: 80 | G9: 1000000 | H9: =Таблица1[[#This Row],[Input]]*Таблица1[[#This Row],[курс]] -> 140 | I9: =Таблица1[[#This Row],[Cached input]]*Таблица1[[#This Row],[курс]] -> 14 | J9: =Таблица1[[#This Row],[Output]]*Таблица1[[#This Row],[курс]] -> 1120 | K9: =Таблица1[[#This Row],[Выход]]/Таблица1[[#This Row],[токенов]] -> 0.00112
B10: Gemini 3 Pro | C10: 2 | D10: 2.2 | E10: 12 | F10: 80 | G10: 1000000 | H10: =Таблица1[[#This Row],[Input]]*Таблица1[[#This Row],[курс]] -> 160 | I10: =Таблица1[[#This Row],[Cached input]]*Таблица1[[#This Row],[курс]] -> 176 | J10: =Таблица1[[#This Row],[Output]]*Таблица1[[#This Row],[курс]] -> 960 | K10: =Таблица1[[#This Row],[Выход]]/Таблица1[[#This Row],[токенов]] -> 0.00096
B11: gpt-5,1 | C11: 1.25 | D11: 0.125 | E11: 10 | F11: 80 | G11: 1000000 | H11: =Таблица1[[#This Row],[Input]]*Таблица1[[#This Row],[курс]] -> 100 | I11: =Таблица1[[#This Row],[Cached input]]*Таблица1[[#This Row],[курс]] -> 10 | J11: =Таблица1[[#This Row],[Output]]*Таблица1[[#This Row],[курс]] -> 800 | K11: =Таблица1[[#This Row],[Выход]]/Таблица1[[#This Row],[токенов]] -> 0.0008
B12: gpt-5 | C12: 1.25 | D12: 0.125 | E12: 10 | F12: 80 | G12: 1000000 | H12: =Таблица1[[#This Row],[Input]]*Таблица1[[#This Row],[курс]] -> 100 | I12: =Таблица1[[#This Row],[Cached input]]*Таблица1[[#This Row],[курс]] -> 10 | J12: =Таблица1[[#This Row],[Output]]*Таблица1[[#This Row],[курс]] -> 800 | K12: =Таблица1[[#This Row],[Выход]]/Таблица1[[#This Row],[токенов]] -> 0.0008
B13: gpt-5,1-chat-latest | C13: 1.25 | D13: 0.125 | E13: 10 | F13: 80 | G13: 1000000 | H13: =Таблица1[[#This Row],[Input]]*Таблица1[[#This Row],[курс]] -> 100 | I13: =Таблица1[[#This Row],[Cached input]]*Таблица1[[#This Row],[курс]] -> 10 | J13: =Таблица1[[#This Row],[Output]]*Таблица1[[#This Row],[курс]] -> 800 | K13: =Таблица1[[#This Row],[Выход]]/Таблица1[[#This Row],[токенов]] -> 0.0008
B14: gpt-5-chat-latest | C14: 1.25 | D14: 0.125 | E14: 10 | F14: 80 | G14: 1000000 | H14: =Таблица1[[#This Row],[Input]]*Таблица1[[#This Row],[курс]] -> 100 | I14: =Таблица1[[#This Row],[Cached input]]*Таблица1[[#This Row],[курс]] -> 10 | J14: =Таблица1[[#This Row],[Output]]*Таблица1[[#This Row],[курс]] -> 800 | K14: =Таблица1[[#This Row],[Выход]]/Таблица1[[#This Row],[токенов]] -> 0.0008
B15: gpt-5,1-codex-max | C15: 1.25 | D15: 0.125 | E15: 10 | F15: 80 | G15: 1000000 | H15: =Таблица1[[#This Row],[Input]]*Таблица1[[#This Row],[курс]] -> 100 | I15: =Таблица1[[#This Row],[Cached input]]*Таблица1[[#This Row],[курс]] -> 10 | J15: =Таблица1[[#This Row],[Output]]*Таблица1[[#This Row],[курс]] -> 800 | K15: =Таблица1[[#This Row],[Выход]]/Таблица1[[#This Row],[токенов]] -> 0.0008
... B25: gpt-4,1-nano | C25: 0.1 | D25: 0.025 | E25: 0.4 | F25: 80 | G25: 1000000 | H25: =Таблица1[[#This Row],[Input]]*Таблица1[[#This Row],[курс]] -> 8 | I25: =Таблица1[[#This Row],[Cached input]]*Таблица1[[#This Row],[курс]] -> 2 | J25: =Таблица1[[#This Row],[Output]]*Таблица1[[#This Row],[курс]] -> 32 | K25: =Таблица1[[#This Row],[Выход]]/Таблица1[[#This Row],[токенов]] -> 3.2e-05
B26: Qwen 2.5-72B-Instruct | C26: 0.12 | E26: 0.39 | F26: 80 | G26: 1000000 | H26: =Таблица1[[#This Row],[Input]]*Таблица1[[#This Row],[курс]] -> 9.6 | I26: =Таблица1[[#This Row],[Cached input]]*Таблица1[[#This Row],[курс]] -> 0 | J26: =Таблица1[[#This Row],[Output]]*Таблица1[[#This Row],[курс]] -> 31.2 | K26: =Таблица1[[#This Row],[Выход]]/Таблица1[[#This Row],[токенов]] -> 3.12e-05
B27: DeepSeek-V3.2 | C27: 0.28 | E27: 0.42 | F27: 80 | G27: 1000000 | H27: =Таблица1[[#This Row],[Input]]*Таблица1[[#This Row],[курс]] -> 22.4 | I27: =Таблица1[[#This Row],[Cached input]]*Таблица1[[#This Row],[курс]] -> 0 | J27: =Таблица1[[#This Row],[Output]]*Таблица1[[#This Row],[курс]] -> 33.6 | K27: =Таблица1[[#This Row],[Выход]]/Таблица1[[#This Row],[токенов]] -> 3.36e-05
